A00405:732:HCVWNDSX7:2:1101:11189:10848	AGAGCTTGCTCCATT	CTCCCAAAGCG	CTTACAGTAACGGTCACTGCTGCAACCCTCCTG	F:FFF:FF,:FFFFF	FFFFFFFF:F,	F::FFFFF:FFF,:FF:FF,:,F:FF,,FF:FF	11	11	11
A00405:732:HCVWNDSX7:2:1101:16794:11882	GCAGCCAGAGACACC	AAGATCAGCAT	CTCACGGTTACCGTCACCGCCGCCACTCTACTG	FFFFFF:FFFFFFFF	FFFFFFFFFFF	FFFFFFFFFFFFFFFFFF:FFFFFFFFFFFFFF	25	37	25
A00405:732:HCVWNDSX7:2:1101:1045:19805	AGTGTCAGTCACCTA	ACACTCATGAG	CTAACCGTAACTGTGACGGCTGCAACGCTTCTG	FFFFFFFFFFFFFFF	FFFFFFFFFF:	FFFF:FFFFFFFFFF:FF,:FFF:FFFFFFFFF	37	25	11
A00405:732:HCVWNDSX7:2:1101:29270:21308	ACTGTCCAACTTTCT	TCTGCATGATG	CTGACTGTTACTGTCACGGCTGCCACTCTCCTT	FFFFFFFFFFFFFFF	F:FFFFFFFFF	FFFFFFFFFFFFFFFFFFFFFFFFFFFFFFFFF	37	25	37
A00405:732:HCVWNDSX7:2:1101:7193:23406	GTCCTACTTTCTTCT	GCATGATGGGT	CTAACTGTAACCGTCACTGCGGCAACTCTGCTC	FFFFFFFFFFFFFFF	FFFFFFFFFFF	FFFFFFFFFFFFFFFFFFFFFFFF:FFFFFFFF	37	37	25
A00405:732:HCVWNDSX7:2:1101:4987:36495	AGACGTCCGTGGCCA	CGATGCCATCC	CTTACCGTTACTGTAACTGCCGCTACCCTTCTG	FFFFFFFFFFFFFFF	FFFFFFFFFFF	FFFFFFFFFF,FFFFFFF:FFFFFFFFFFFFF:	37	37	11
A00405:732:HCVWNDSX7:2:1102:29071:5212	GGATTACGTGCAACT	TCATTCGGTTT	CTAACAGTAACAGTCACTGCCGCTACTCTGCTC	FFFFFF:FFF:FFF,	:,FFF:F:FFF	FFFFF:FFFFFFFFFFF:FFFFFF:FFFFFFFF	11	11	25
A00405:732:HCVWNDSX7:2:1103:15483:23202	AGCATACAGACCTTT	GTGCCTAAAAC	CTGACAGTCACAGTGACTGCCGCGACTCTTCTT	FFFFFFFFFFFF:FF	FFFF:FFFFF:	FFFFFFFFFFFFFFFFFFFFFFFFFFFFFFFFF	25	25	37
A00405:732:HCVWNDSX7:2:1103:21712:28354	GTCCTACTTCCTTCT	GCATGATGGGT	CTCACTGTCACGGTCACCGCAGCCACACTGCTC	FFFFFFFFFFFFFFF	FFFFFFFFF:F	FFFFFFFFF:FF,FFFFFFFFFFF:F:FFFFFF	37	25	11
A00405:732:HCVWNDSX7:2:1104:3812:13573	GACGCGTTCTAGCAC	ACGCGACTTCT	CTAACAGTCACAGTGACTGCCGCGACTCTTCTT	FF,FFFFFFFFF:FF	FF,F,F,,F:,	:F,:FF:F:FFFF::F,F,:F,F,,FFF,F:,F	11	11	11
A00405:732:HCVWNDSX7:2:1104:13395:15640	TGACTTTTCCATGCT	CGCTTTGACTG	CTTACCGTTACTGTGACTGCGGCGACACTCCTT	FFFFFFFFFF:FFFF	FFFFFFFFFFF	FFFFF:FFF:FFF:FFFFFFFFFF:F::FFFFF	25	37	25
A00405:732:HCVWNDSX7:2:1104:21332:17394	TACATGTCTCTTATG	TTCGCTCGCTT	CTGACAGTCACAGTGACTGCCGCGACTCTTCTT	FFFFFFFFFFFFFF:	FFFFFF,FFFF	F:FFFFFFFFFFFFFFFFFFFFFFFFFFFFFFF	25	11	25
A00405:732:HCVWNDSX7:2:1104:28763:27352	GTGTGCGCAGCCAAT	TCAAACGGTCT	CTCACTGTCACGGTCACCGCAGCCACACTGCTC	FFFFFFFFFFFFFFF	FFFFFFFFFFF	FFF:FFFFFFFFFFF:FFFFFF:F:FFFFFFFF	37	37	25
A00405:732:HCVWNDSX7:2:1105:26133:23923	TGTCCCACTTTCTTC	TGCATGATGGG	CTGACAGTTACCGTTACAGCAGCCACGCTTCTG	FFFFFFFFFFFFFFF	FFFFFFFFFFF	FFFFFFFFFFFFFFFFFFFFFFFF:FFFFFFF:	37	37	25
A00405:732:HCVWNDSX7:2:1105:1443:30044	CTACATTCAGCTTAA	CTTGCATGTGT	CTCACAGTCACCGTGACCGCTGCGACCCTACTT	FFFFFF:FFFFFFFF	FFFFFFFFFFF	FFFFFFFFFFFFFFFFFFFFFFFFFFFFFF:FF	25	37	25
A00405:732:HCVWNDSX7:2:1106:31006:4335	CATGACACAAATACA	GGTTCACTAAC	CTCACCGTAACCGTCACAGCTGCTACGCTGCTT	FFFFFFFFF:FFFFF	FFFFFFFFFFF	FFFFFFFFFFFFFFF:FFFFFFFF,F:FFFF,F	25	37	11
A00405:732:HCVWNDSX7:2:1106:10583:4476	GAATGAAGTCTCTCT	GCGCTCAACAC	CTTACAGTCACAGTTACCGCCGCCACCCTACTC	FFFFFFF::F,FFFF	FFFFFFFFFF,	FFFFFF:FFFFFF:FFFFFFFFFF:FFF:FFFF	11	11	25
A00405:732:HCVWNDSX7:2:1106:31195:5384	CATGACACAAATACA	GGTTCACTAAC	CTCACCGTAACCGTCACAGCTGCTACGCTGCTT	FFFFFFFFFFFFFFF	FFFFFFFFFFF	FFFFFFF:F:FFFFF,FFF:FFFF,FFFFFFFF	37	37	11
A00405:732:HCVWNDSX7:2:1106:14624:7968	AACGTTGCGTTCCAA	ACAGAGCTTGC	CTTACAGTTACCGTTACAGCAGCCACACTCCTG	FFFFFFFFFF:FFFF	FFFFFFFFFFF	FFFFFFF::FFF:FFFFFFFFFFF:FFFFFFFF	25	37	25
A00405:732:HCVWNDSX7:2:1106:22137:13463	CTCGTACTGTCTTCA	CAGACGGGTTC	CTGACGGTAACAGTGACAGCAGCAACCCTACTT	FFFFFFFFFFFFFFF	FFFFFFFFFFF	FFFF:FFFFFFFFFFFFFFFFFFFFF:FFFFFF	37	37	25
A00405:732:HCVWNDSX7:2:1106:17833:19758	TTCCCAGAGCGTCAC	CGCTGCGGCCG	CTGACGGTAACAGTGACAGCAGCAACCCTACTT	FFFFFFFFFFFFFFF	FFF:FFFFFFF	FFFF:FFFF:FFFFFFFFFFFFFFFFFFFFFFF	37	25	25
A00405:732:HCVWNDSX7:2:1107:8693:11287	GTTAAGCTCAAAGAC	AGGGCATCAGC	CTCACCGTTACTGTCACTGCAGCAACCCTACTT	FFFFFFFFFFFFFFF	FFFFF,FF:FF	FFF,FFFFFFFFFFFFF:FFFFFF,FFFFF:FF	37	11	11
A00405:732:HCVWNDSX7:2:1107:27407:17707	GCGGGTTCACTACTA	CTGCAGCTAGA	CTTACCGTAACGGTAACTGCCGCCACGCTGCTT	F:F:FFF:FF:FFFF	FFFFF:FFF,F	FFFFFFF,FFFFFFF,FFFF::,FFFFFFFFFF	25	11	11
A00405:732:HCVWNDSX7:2:1107:1669:19069	TTGGCAACAAACCTA	CGCCTGGAACC	CTTACTGTCACCGTTACCGCAGCAACACTACTT	FFFFFFFFFFFFFFF	FFFFFFFFFFF	FFFFF,FFFFFFFFFFFFFFFFFFFFFF:FFF,	37	37	11
A00405:732:HCVWNDSX7:2:1107:21016:36886	GGAAAGCAGATGAGA	GAACACGCTAC	CTCACCGTTACTGTCACTGCAGCAACCCTACTT	FF:FF,FF:FF:FFF	FFFFFFFFFFF	:FFF:FFFFFFFFFF:FFFFFFFF,FFFFFFF,	11	37	11
A00405:732:HCVWNDSX7:2:1108:20600:26741	TTAGGACAGGTGTTA	AGGGGGTTAAT	CTCACAGTGACTGTAACAGCAGCTACGCTGCTA	FFFF:FFFFFFFFFF	FFFFFFFFFFF	FFF:FFFFFFFFFFFFFFFFFFFFFFFFFFFFF	25	37	25
A00405:732:HCVWNDSX7:2:1109:21052:7044	CCGTACTCACCTCGT	TCTCCTTCACG	CTCACCGTTACTGTCACTGCAGCAACCCTACTT	FFFFFF:F,FFF:FF	F,FFFFFFFFF	FFFFFFFFFFFFFFFFFFFFFFF:FFFFFFFFF	11	11	25
A00405:732:HCVWNDSX7:2:1110:18213:8077	GTTAAGCAGAGGGCT	TGATCCAGCCT	CTGACAGTAACCGTTACTGCGGCGACACTTCTA	FFFFFFFFFFFFFFF	FFFFFFFFFFF	FFFFF,F:F,FFF,:FF,FFFF:FFFFF,:F:F	37	37	11
A00405:732:HCVWNDSX7:2:1110:24008:10786	TACTTGTTCGATAGA	ACTCCTACCAC	CTCACAGTAACCGTGACCGCAGCCACACTGCTT	FFFFFF,FFFFFFFF	FFFFFFFFFFF	FFFFFFFFFFFFFFF:FFFFFFFFFFFFFFFFF	11	37	25
A00405:732:HCVWNDSX7:2:1110:24379:11741	CAGCATAAGGACTGG	TAGCTCGCAGG	CTGACGGTAACAGTGACAGCAGCAACCCTACTT	FFFFFFFFFFFFFFF	F:FFFFFFFFF	FFFFFFFFF:FFFFF:FFFF:FFF:FFFFFFFF	37	25	25
A00405:732:HCVWNDSX7:2:1111:3332:23296	GCTGGGTGTGGTGCG	CTCTAATTCTG	CTGACAGTTACCGTTACAGCAGCCACGCTTCTG	FFFFFFFFFFFFFFF	FFFFFFFFFFF	:FF:FFFFFF:FFFF,FFFF:F:FFFFFFF:FF	37	37	11
A00405:732:HCVWNDSX7:2:1112:27642:19241	GCATGATGGGTGTGG	TGCGCTCTAAT	CTGACAGTTACCGTTACAGCAGCCACGCTTCTG	FFFFFFF:FFFF:F,	FFFF,F:FFFF	F:FFF:::F,FFFFF:FFFFFFFF:FFF::FFF	11	11	11
A00405:732:HCVWNDSX7:2:1113:17291:3255	TTCTCAACCTACCAG	ATGTGAACTAC	CTGACAGTTACCGTTACAGCAGCCACGCTTCTG	FFFFFFFFFFFFFFF	FFFFFFFFFFF	FFFFFFFFFFFFFFFFFFFFFFFF:FF:FF:FF	37	37	25
A00405:732:HCVWNDSX7:2:1113:8106:14810	CTTCTCTGCATGATG	GGTGTGGTGCG	CTGACAGTCACAGTGACTGCCGCGACTCTTCTT	FFFFFFFFFFFFFFF	FFFFFFFFFFF	FFFFF,FFFFFFFFFFFFFFFFFFFFFFFF:FF	37	37	11
A00405:732:HCVWNDSX7:2:1113:16441:21919	TCAGATGGTCTAACG	TACATGCACGT	CTCACGGTTACTGTGACCGCGGCGACCCTACTT	,FFFFFFFFFFFFFF	FFFFFFFFFFF	FFFFFFFFFFFFFFFFFFFFFFFFF:::FFFFF	11	37	25
A00405:732:HCVWNDSX7:2:1113:4643:29168	TCATTACAGAGTCTG	GGCCATCTTTC	CTCACGGTTACTGTGACTGCGGCGACCCTACTT	FFFFFFFFFFFFF:F	FFFFFFFFFFF	FFFFFFFFFFFFFFFFFFFFFFFFFFFFFF:F:	25	37	25
A00405:732:HCVWNDSX7:2:1114:21630:9142	GGACGTCCGTGGCCA	CGATGCCATCC	CTAACTGTTACGGTAACCGCTGCTACTCTGCTC	FFFFFFFFFFFFFFF	FF:FFFFFFFF	F:FFFFFFFFFFFFFFFFFFFFFF:FFFFFFF:	37	25	25
A00405:732:HCVWNDSX7:2:1114:23448:11318	GTCCAACTTTCTTCT	GCATGATGGGT	CTCACCGTTACTGTCACTGCAGCAACCCTACTT	FFFFFFFFFFFFFFF	FFFFFFFFFFF	FFFFFFFFFFFFFFFFFFFFFFFFFFFFFFFFF	37	37	37
A00405:732:HCVWNDSX7:2:1114:4327:25801	CCCAATCTCTAACTG	GCCACTCGTTT	CTTACAGTGACGGTTACGGCAGCAACACTGCTT	FFFFFFFFFFFF:FF	FFFFFFFFFFF	FFF,FFF:FFFFF:F:FFFFFFF,FFF:FFFF,	25	37	11
A00405:732:HCVWNDSX7:2:1114:10339:28510	GTGTGGTGCGCTCTA	ATTCTGGGACG	CTCACAGTGACCGTCACAGCCGCCACTCTCCTA	FFFFFFFFFFFFFFF	FFFFFFFFFFF	FFFFF,FFFFFFFFFFFF:FFFFF:FFFFFFFF	37	37	11
A00405:732:HCVWNDSX7:2:1114:24279:31923	GCTCCAACTTTCTTC	TGCATGATGGG	CTAACTGTAACCGTCACTGCGGCAACTCTGCTC	FFFF,FF:FFFFFFF	FFFFFFFFFF,	FFFFFF:FFFFFFFFFFFFFFFFFFFFFFF:FF	11	11	25
A00405:732:HCVWNDSX7:2:1115:16785:8015	GCTTCCAAGAGCAAT	TCGGGGGGGTC	CTGACAGTTACCGTTACAGCAGCCACGCTTCTG	FFFFF:FFF,:FF,F	F,:FFFF:FFF	FFFFFFFFFFF,FFFFFFFFFFFF,FFFFF:FF	11	11	11
A00405:732:HCVWNDSX7:2:1115:15781:12853	CTGCCTATCACGATG	TCCTGATTATA	CTGACTGTAACTGTTACAGCCGCTACGCTTCTA	FFFFFFFFFFFFFFF	FFFFFFFFFFF	FFFFFFFFF:FFFFFFFFFFFFFFFFFF,FFFF	37	37	11
A00405:732:HCVWNDSX7:2:1115:4038:33505	CGTCCTGTCTTCACA	GACGGGTTCAC	CTGACAGTCACAGTGACTGCCGCGACTCTTCTT	,FFFFFFFFFFFFFF	::FFFF:FFF:	F:::FFFFF:F:,FF:F,::,,F:FF:F,FF:F	11	25	11
A00405:732:HCVWNDSX7:2:1116:8287:28181	CTGCTGTAGAGTACA	TATCTTACGGC	CTCACCGTTACTGTCACTGCAGCAACCCTACTT	:FFFF::FF:FFFF:	FFFFF:FFF:F	FFFFFFFF:FFFFFF:F::FFFF::FFFFF:FF	25	25	25
A00405:732:HCVWNDSX7:2:1118:19343:9157	TGCCCTACTTTCTTC	TGCATGATGGG	CTAACAGTAACAGTCACTGCCGCTACTCTGCTC	FFFFFFFFFFFFFFF	FFFFFFFFFFF	FF,FFFFF:FF,FFFFFFFFFFFFFFFF:FFFF	37	37	11
A00405:732:HCVWNDSX7:2:1118:17852:22232	ATAGACCCATGAAGT	ACCATATCGAT	CTTACTGTCACCGTTACCGCAGCAACACTACTT	FFFFFFFFFFFFFFF	FFF::FFFFFF	FFFFFFFFFFFFFFFFFFFFFFF::FFFF:FFF	37	25	25
A00405:732:HCVWNDSX7:2:1119:2483:19006	GTGTGGTGCGCTCTA	ATTCTGGGACG	CTGACAGTCACTGTGACTGCAGCCACCCTACTT	FFFFFFFFFFFFFFF	FFFFFFFFFFF	FFFFFFFFFFFFFFFFFFFFFFFFFFFFFFFFF	37	37	37
A00405:732:HCVWNDSX7:2:1119:3079:32409	GTCCAACTTTCTTCT	GCATGATGGGT	CTTACAGTTACGGTCACTGCAGCCACGCTTCTC	FFFFFFFFFFFFFFF	FFFFFFFFF,F	FFF::FFFFF:FFFFFFFFFFFFFFFFFFFFFF	37	11	25
A00405:732:HCVWNDSX7:2:1120:15899:1971	ACTGACTTCACAGAC	GGGTTCACTAC	CTCACTGTTACCGTCACTGCAGCTACCCTGCTC	FFFFFFFFFFFFFFF	FFFFFFFFFFF	FFFFFFFFFFFFFFFFFFFFFFFFFFFFFFFFF	37	37	37
A00405:732:HCVWNDSX7:2:1120:11614:4758	GCACCTAGAGACACC	AAGATCAGCAT	CTGACGGTAACAGTGACAGCAGCAACCCTACTT	F:FFFFFFFFF,:FF	FFFFFFFFFFF	FFFFFFFFF:FFFF:FFFFFFF,FFF:::F:FF	11	37	11
A00405:732:HCVWNDSX7:2:1120:12545:18521	GGGCACTCAAGGTTT	CCGCTCTCTGG	CTGACCGTCACTGTAACTGCCGCTACTCTCCTT	FFFFFFFFFFFFFFF	FFFFFFFFFFF	FFFFFFFFFFFFFFFFFFFFF,FFFFFFFFF:F	37	37	11
A00405:732:HCVWNDSX7:2:1120:3405:20259	TTCGGCTTCTCGTAC	TGTCTTCACAG	CTTACAGTTACCGTTACAGCAGCCACACTCCTG	FFFFFFFFFFFFFFF	FFFFFFFFFFF	FFFFFFFFFFFFFFFFFFFFFFFFFFFFFFFFF	37	37	37
A00405:732:HCVWNDSX7:2:1120:1976:35790	TCCCGTACTGTCTTC	ACAGACGGGTT	CTCACCGTAACCGTCACAGCTGCTACGCTGCTT	FFFFFFFFFFFFFFF	FFFFFFFFFFF	FFFFFFFFFFFFFFFFFFFFFFFFFFFFFFFFF	37	37	37
A00405:732:HCVWNDSX7:2:1121:8106:8453	CTCGTACTCCATGCT	CGACTTCACAG	CTGACAGTCACAGTGACTGCCGCGACTCTTCTT	FFFF:FFFFFFFFFF	FFFFFFFFFFF	F:FFF,:FF:FFFFFFFFFFFFFFFFFFFF,FF	25	37	11
A00405:732:HCVWNDSX7:2:1121:18674:10567	GCTGCGAGTCATGCA	TGTTGTCCACT	CTGACGGTAACCGTAACCGCCGCGACGCTTCTT	,,FFFFFFFFF:FFF	,,FF,FFFFF,	,F:F,FF,FFF,FFF:FFFFFFFFFFFFF:F,F	11	11	11
A00405:732:HCVWNDSX7:2:1121:27561:17347	GTCCTACTTTCTTCT	GCATGATGGGT	CTCACCGTTACTGTCACTGCAGCAACCCTACTT	FFFFFFFF,FFFFFF	FFFFFFFFFFF	FFFFFFFFFFFFFFFFFFFFFFFFFFF:FFFFF	11	37	25
A00405:732:HCVWNDSX7:2:1121:27127:18724	GTCCAACTTTCTTCT	GCATGATGGGT	CTTACAGTTACGGTCACTGCTGCAACCCTCCTG	FFFFFFFFFFFFFFF	FFF:FFFFFFF	FFFFF:FFFFFFFFFFFFFFFFF::FFFFFFFF	37	25	25
A00405:732:HCVWNDSX7:2:1121:26928:18756	GTCCAACTTTCTTCT	GCATGATGGGT	CTTACAGTTACGGTCACTGCTGCAACCCTCCTG	FFFFFFFFFFFFFFF	F:FFFFFFFFF	FFFFFFFFFFFFFFFFFFFFFFF,:FFFFFFFF	37	25	11
A00405:732:HCVWNDSX7:2:1121:19786:19883	TCAATCTTCACTATT	CATGGGACACT	CTCACGGTTACTGTGACCGCGGCGACCCTACTT	FFFF:FFFF,FFFFF	FFFFFFFF:FF	FFFFFFFFFFFFFFF:FFFFFFFF,FFFF,FFF	11	25	11
A00405:732:HCVWNDSX7:2:1121:13205:27367	GTGTGGTGCGCTCTA	ATTCTGGGACG	CTCACAGTCACCGTGACCGCTGCGACCCTACTT	,:,FF,FFFFFFFFF	F:FFF:FFF:F	F,:FF:F,FFFFFFFFFF,FF:FFFFFF:FF:F	11	25	11
A00405:732:HCVWNDSX7:2:1122:18719:9079	ATTACTCAGCAACGG	TCAATCAGCTT	CTCACCGTAACCGTCACAGCTGCTACGCTGCTT	FFFFFFFFFFFFFFF	FFFFFFFFFFF	FFFFF:FFFFFFFFFFF:FFFFFFFFFFFF:FF	37	37	25
A00405:732:HCVWNDSX7:2:1122:31213:18349	CGTAGCGTTCTTCAT	GATTCCGGCCG	CTCACAGTCACAGTCACTGCCGCTACTCTGCTC	,FF:FFF:FFFFFFF	FFFF:FFFFFF	F,,FF,FF,FF:F,FFF:FFFFF,:FFFF:F:F	11	25	11
A00405:732:HCVWNDSX7:2:1122:6795:19899	AGTAGTCAGGATGGT	CGCCTTACCTA	CTGACAGTCACAGTGACTGCCGCGACTCTTCTT	:FFFFFFFFFFF:FF	FFFF,FFFFFF	FFF:FFFF,FFFF:FFFF,FFFFF,::FF:,FF	25	11	11
A00405:732:HCVWNDSX7:2:1122:17680:32612	ACGAGGATCTAACTG	GGGTCGAACAC	CTTACGGTAACTGTGACTGCTGCCACTCTGCTG	FFFFFFFFFFFFFFF	FFFFFFFFFFF	FFFFFFFFFFFFFFFFFFFFFFFFFFFFFFFFF	37	37	37
A00405:732:HCVWNDSX7:2:1122:17173:35211	TCTCATATCTCCGGT	TTCAAGTCTCA	CTGACGGTAACAGTGACAGCAGCAACCCTACTT	F:FFFFFFFFFFFFF	FFFFFFFFFFF	FFFFFFF::FFFFFFFFFFFFFFFFFFFF:FFF	25	37	25
A00405:732:HCVWNDSX7:2:1122:19542:35368	TTTGTCAAGTGGTAG	CGAGCCTTAAG	CTGACAGTAACCGTTACTGCGGCGACACTTCTA	FFFFFF::FFFFFFF	FFFFFFFFFFF	F:F:F:FF,,FFF:,,F,FFFFFF:F,FF,FFF	25	37	11
A00405:732:HCVWNDSX7:2:1123:5873:7717	GCTGGGTGTGGTGCG	CTCTAATTCTG	CTCACGGTTACCGTCACCGCCGCCACTCTACTG	FFFFFFFFFFFFFFF	FFFFFFFFFFF	FFFFFFFFF:FFFFFFFFFFFFFF:FFFFFFF,	37	37	11
A00405:732:HCVWNDSX7:2:1123:31439:10692	GCTGGGTGCGCTCTA	ATTCTGGGACG	CTGACAGTTACCGTTACAGCAGCCACGCTTCTG	FFFFFFFFFFFFFFF	FFFFFFFFFFF	FFFFFFFF,,FFFFF:F,FFFFFF,FFF,:FFF	37	37	11
A00405:732:HCVWNDSX7:2:1123:18521:18380	GAGTCCGCCGCTGGG	CTGAGCGCATT	CTCACGGTTACCGTCACCGCCGCCACTCTACTG	FFFFFFFFFFFFFFF	FFFFFFFFFFF	F:F:FFFFFFFFFFFFFFFFFFFFFFFFFFFFF	37	37	25
A00405:732:HCVWNDSX7:2:1124:18530:6214	TCCACACTCAACACC	AGTCTACCAAC	CTGACAGTTACCGTTACAGCAGCCACGCTTCTG	FFFFFFFFFFFFFFF	FFFFFFF:FFF	FFFFFFFFFFFFFFF,FFFFFFFFFFFFFFFFF	37	25	11
A00405:732:HCVWNDSX7:2:1124:22182:14575	AGCAGCCTCAGATAA	GTCCTCGCTAC	CTGACAGTCACAGTGACTGCCGCGACTCTTCTT	F,FFFFFFFFFFFFF	FFFFFFFFFFF	FFFFF:FFFFFFFFFFFFFFFFFFF,FFFFFFF	11	37	11
A00405:732:HCVWNDSX7:2:1124:1344:20572	TGTTCAACTTTCTTC	TGCATGATGGG	CTGACCGTCACTGTCACTGCCGCCACGCTTCTA	,FFFFFFFFFFFFFF	FFFFFFFFFFF	FFFFFFFFFF,FFF:FFFFFF,FFFFFFF:FFF	11	37	11
A00405:732:HCVWNDSX7:2:1124:29640:27899	AGCGTATTCTGCCAG	GGTGTGTGCGC	CTTACTGTAACCGTCACCGCAGCGACCCTACTC	FFFF:FFFFFFFFFF	FFFFFFFFFFF	FFFFFFFFFFFFFFFFFFFFFFFFFFFFFFFFF	25	37	37
A00405:732:HCVWNDSX7:2:1125:4020:22294	CGGACGTCCGTGGCC	ACGATGCCATC	CTGACAGTCACAGTGACTGCCGCGACTCTTCTT	FFFFFFFFFFFFFFF	FFFFFFFFFFF	FFFFF:FFFFFFFFFFFFFFFFFFFFFFFFFFF	37	37	25
A00405:732:HCVWNDSX7:2:1126:8513:18615	CTACGTCAGAGTAAT	CTTCTGGCCAG	CTCACTGTTACCGTCACTGCAGCTACCCTGCTC	FFFFFFFFFFFFF:F	FFFFFFFFFFF	:FFFFFF,FFFFFFFFF:FFFFFFF:FFFFFFF	25	37	11
A00405:732:HCVWNDSX7:2:1126:16776:31516	AGGCCGCTGTCCGCC	GCTGGGCTGAG	CTCACCGTTACTGTCACTGCAGCAACCCTACTT	FFFFFFFFFFFFFFF	FFFFFFFFFFF	FFFFFFFFFFFFFFFFFFFFFFF:FFFFFFFFF	37	37	25
A00405:732:HCVWNDSX7:2:1126:1633:32941	CGAGCCAGTCAATAC	CGTCCCAGCTT	CTCACTGTCACGGTCACCGCAGCCACACTGCTC	F:FFFFFFFFFFFFF	FFFFFFFFFFF	FFFFFFFFFFFFFFFFFFFFFFFFFFFF,FFFF	25	37	11
A00405:732:HCVWNDSX7:2:1127:22444:2190	TGACAACCACCTCGG	ACGTCCAACGA	CTTACGGTTACTGTAACCGCCGCGACCCTCCTA	FFFFFFFFFFFFFFF	FFFFFFF:FFF	FFFFFFFFFFFF,FFFFFFFFFFFFFFFFFF:,	37	25	11
A00405:732:HCVWNDSX7:2:1127:16776:7498	TAGTGGTGCGCTCTA	ATTCTGGGACG	CTTACAGTTACCGTTACAGCAGCCACACTCCTG	FFFFFFFFFFFFFFF	FFFFFFFFFFF	FFFFFFFFFFFF,FF:FFFFFFFF:FFF,FFFF	37	37	11
A00405:732:HCVWNDSX7:2:1127:23158:25285	ACGCCGACAGGGCAT	AAATGGTCAAC	CTAACCGTAACTGTGACGGCTGCAACGCTTCTG	FFFFFFFFFFFFFFF	FFFFFF:FFFF	FF:FFFFFFFFFFFFFFFFFFFF::FFFFFFFF	37	25	25
A00405:732:HCVWNDSX7:2:1127:20175:25504	AGGGATGTCCGTGGC	CACGATGCCAT	CTGACCGTCACTGTCACTGCCGCCACGCTTCTA	:FFFFFFF,FFFF:F	FFFFFFFFFFF	F:F:FF:FF,FFF:F,FFFFF:FFFF:FFFFF:	11	37	11
A00405:732:HCVWNDSX7:2:1127:7554:29387	GAGTCCGATGGCAGT	TGTTGCGTTCC	CTCACCGTTACCGTTACAGCAGCCACTCTACTC	FFFFFFFFFFFFFFF	FFFFFFFFFFF	FFFFFFFFFFFFFFFFFFFFFFFFFFFFFFF,F	37	37	11
A00405:732:HCVWNDSX7:2:1128:13521:14137	AGTGAGGGTTAGTGG	GATTGGTGCGC	CTAACTGTCACCGTTACAGCCGCAACGCTGCTA	FFFFFFFFFFFFFFF	FFFFFFFFFFF	FFFFFFFFFFFFFFFFFFFFFFF::FFFFFFFF	37	37	25
A00405:732:HCVWNDSX7:2:1128:31304:15687	GCTGGGTCGTCCGTG	GCCACGATGCC	CTGACCGTCACTGTCACTGCCGCCACGCTTCTA	FFFFFFFFFFFFFFF	FFFFFFFFFFF	FFFFFFFFF,FFFFF:FFFFFFFF:FFFFFFF,	37	37	11
A00405:732:HCVWNDSX7:2:1128:25030:28432	ATTGGTGCGCTCTAA	TTCTGGGACGT	CTGACCGTCACTGTCACTGCCGCCACGCTTCTA	FFFFFFFFFFFFFFF	FFFFFFFFFFF	FFFFFF:FF,F:FFF:FFFFFFFFFFFF:FFFF	37	37	11
A00405:732:HCVWNDSX7:2:1128:26223:29590	GTCCAACTTTCTTCT	GCATGATGGGT	CTAACTGTAACCGTCACTGCGGCAACTCTGCTC	FFFFFFFFFFFFFFF	FFFFFFFFFFF	FF:FFFFFFFFF:FFFF:FFFFF:,FFFFFFFF	37	37	11
A00405:732:HCVWNDSX7:2:1130:10854:2534	ACGGGTTCACTACTA	CTGCAGCTAGA	CTGACTGTAACCGTCACTGCCGCTACACTTCTC	FFFFFFFFFFFFFFF	FFFFFFFFFFF	FFFFFFFFFFFF:FFFFFFFFFFF,FFFFFF,F	37	37	11
A00405:732:HCVWNDSX7:2:1130:11044:3302	ACGGGTTCACTACTA	CTGCAGCTAGA	CTGACTGTAACCGTCACTGCCGCTACACTTCTC	FFFFFFFFFFFFFFF	FFFFFFFFFFF	FFFFF:FF:FFFFFFFFFFFFFFFFFFF,FFFF	37	37	11
A00405:732:HCVWNDSX7:2:1130:26476:28432	TGTCCAACTTTCTTC	TGCATGATGGG	CTGACCGTCACTGTCACTGCCGCCACGCTTCTA	FFFFFFFFFFFFFFF	FFFFFFFFFFF	FFFFFFFFF,FFFFFFFFFFFFFFFFFF:FFF:	37	37	11
A00405:732:HCVWNDSX7:2:1131:13666:1266	ACGAGCCAGTGAAGA	GTGATTAAAAC	CTAACTGTTACGGTAACAGCTGCGACGCTTCTC	FFFFFFFFFFFFFF:	FFFFFFFFFFF	FFFFFFFFFFFFFFFFFFFFFFFFFFFFFFFFF	25	37	37
A00405:732:HCVWNDSX7:2:1131:1217:15749	GACACGCCCGTGGCC	ACGATGCCATC	CTAACTGTTACGGTAACAGCTGCGACGCTTCTC	FFFFFFFFFFFFFFF	FFFFFFFFFFF	FFFFFFFFF:FFFFFFFFFFFFFFFFFFFFFFF	37	37	25
A00405:732:HCVWNDSX7:2:1131:24442:20713	TGCGTGGTGCGCTCT	AATTCTGGGAC	CTTACCGTTACTGTAACGGCCGCAACGCTGCTT	FFFFFFFFFFFFFFF	FFFFFFFFFFF	FFFFFFF:FFFFFFF:FFFFFFFFFFFFFFFFF	37	37	25
A00405:732:HCVWNDSX7:2:1131:9191:26365	ACGGGTCCACTACTA	CTGCAGCTAGA	CTGACGGTAACAGTGACAGCAGCAACCCTACTT	FFF,FF:F:,FFFFF	,F,:FFFFFFF	F,FFFFFF:FF::F:FFF:FFFFFFFFFFFFFF	11	11	11
A00405:732:HCVWNDSX7:2:1131:4517:30702	CGTAGCGAGATATGG	TGTGGTGCGCA	CTGACAGTTACCGTTACAGCAGCCACGCTTCTG	FFFFFFFFFFF,FFF	FFFFFFFFFFF	FFFFFFFFFFFFFFFFF:FFFFFF:FF:F:FFF	11	37	25
A00405:732:HCVWNDSX7:2:1131:25057:32706	GTCGGGTTCACTACT	ACTGCAGCTAG	CTGACAGTTACTGTCACTGCTGCTACCCTCCTA	FFFFFFFFFFFFFFF	FFFFFFFFFFF	FFFFFFFFFFFFFFFF:FF:FFFFFFFFFFFFF	37	37	25
A00405:732:HCVWNDSX7:2:1131:1759:36886	CTACGTCCAACTTTC	TTCTGCATGAT	CTTACCGTAACGGTAACTGCCGCCACGCTGCTT	FFFFFFFFFFFFFFF	FFFFFFFFFFF	FFFFFFFFFFFFF:FFFFFFFFFFFFFF,F:FF	37	37	11
A00405:732:HCVWNDSX7:2:1132:5014:16376	GCTGGGTGTGGTGCG	CTCTAATTCTG	CTAACCGTAACTGTGACGGCTGCAACGCTTCTG	FFFFFFFFFFFFFFF	FFFFFFFFFFF	FF,FFFFFFFFFFFFFFFFFFFFF,FFFFFFFF	37	37	11
A00405:732:HCVWNDSX7:2:1132:10456:26647	CTCAGAATCTGCTTG	CATGGGCTCTT	CTGACAGTCACAGTGACTGCCGCGACTCTTCTT	FFFFFF:FFFFFFFF	FFFFF,FFFFF	FFF:F::FFFFF:FFFF::FFFFFFFFFFFF:F	25	11	25
A00405:732:HCVWNDSX7:2:1133:16938:28761	AGCAGCTAGAGACAC	CAAGATCAGCA	CTGACAGTCACAGTGACTGCCGCGACTCTTCTT	FFFFFFFFFFFFFFF	FFFFFFFFFFF	FFFFFFFFFFFFFFFFFFFFFFFF:FFFFFFFF	37	37	25
A00405:732:HCVWNDSX7:2:1133:24885:29340	GTCCAACTTTCTTCT	GCATGATGGGT	CTCACTGTCACGGTCACCGCAGCCACACTGCTC	FFFFFF,FFFFFFFF	FFFFFFFFFF:	FFF:FFFFF:FFFFFFFFFFF:FF,F,FFFFFF	11	25	11
A00405:732:HCVWNDSX7:2:1133:5846:29371	GGACGTCCGTGGCCA	CGATGCCATCC	CTGACAGTAACCGTTACAGCCGCTACTCTGCTT	FFFFFFFFFFFFFFF	FFFFFFFFFFF	FFFFF,FFFFFFFFFFFFFFFFFFFFFFFFFF:	37	37	11
A00405:732:HCVWNDSX7:2:1133:21314:34209	TCTCGTACTGTCTTC	ACAGACGGGTT	CTAACCGTCACTGTTACTGCCGCAACTCTCCTT	FFFFFFFFFFFFFFF	FFFFFFFFF,F	FFFFFFFFFFFFFFFFFFFFFFFFF::FFFFF:	37	11	25
A00405:732:HCVWNDSX7:2:1134:1353:21746	TCATTACTGTCTTCA	CAGACGGGTTC	CTAACTGTAACCGTCACTGCGGCAACTCTGCTC	FFFFFFFFFFFFFFF	FFFFFF:FFFF	FFFFFFFFFFFFFFFFFFFFFFFFFFFFFFFFF	37	25	37
A00405:732:HCVWNDSX7:2:1135:25644:5635	TCGGGACGTCCGTGG	CCACGATGCCA	CTGACCGTCACTGTCACTGCCGCCACGCTTCTA	FFFF:FFFFFFFFFF	FFFFFFFF:FF	FFFFFFFFFFFFFFFFFFFFFFFFFFFFFFFF,	25	25	11
A00405:732:HCVWNDSX7:2:1135:23891:27774	GTGTGGTGCGCTCTA	ATTCTGGGACG	CTGACGGTAACAGTGACAGCAGCAACCCTACTT	FFFFFFFFFFFFFFF	FFFFFFFFFFF	FFFFFFFF:FFFFFFFFFFFFFFFFFFFFFFF,	37	37	11
A00405:732:HCVWNDSX7:2:1136:23393:5024	CGTCCAACTTTCTTC	TGCATGATGGG	CTCACGGTGACCGTAACCGCAGCGACTCTGCTC	F:FFFFFFFFFFFFF	FFFFFFFFFFF	FFF:FFFFFFFFFFF:FFFFFFFF,FFFFFF:F	25	37	11
A00405:732:HCVWNDSX7:2:1136:24035:5509	CGTCCAACTTTCTTC	TGCATGATGGG	CTCACGGTGACCGTAACCGCAGCGACTCTGCTC	FFFFFFFFFFFFFFF	FFFFFFFFFFF	FFFFFFFFFFFFFFFFFFFFFFFFFFFFFFF,F	37	37	11
A00405:732:HCVWNDSX7:2:1136:26729:12117	CATGGGTGTGGTGCG	CTCTAATTCTG	CTCACCGTTACTGTCACTGCAGCAACCCTACTT	FF:,FFFF:FFFFFF	FFFF:FFFFFF	FFFFFFFFFF:FFFFFFFFFFFF,,F:FFFFFF	11	25	11
A00405:732:HCVWNDSX7:2:1136:16640:14184	TCTGCATGATGGGTG	TGGTGCGCTCT	CTTACAGTTACGGTCACTGCTGCAACCCTCCTG	FFFFFFFFFFFFFFF	FFFFFFFFFFF	FFFFFFFFFFFFFFFFFFFFFFFFFFFFFFFFF	37	37	37
A00405:732:HCVWNDSX7:2:1136:14091:17816	CGGACGTCCGTGGCC	ACGATGCCATC	CTGACAGTTACTGTCACTGCTGCTACCCTCCTA	FFFFFFFFFFFFFFF	FFFFFFFFFFF	FFFFFFFFF:FFFFFFFFFFFFFFFFFFFFFFF	37	37	25
A00405:732:HCVWNDSX7:2:1136:10746:24768	GTCCAACTTTCTTCT	GCATGATGGGT	CTTACAGTTACGGTCACTGCTGCAACCCTCCTG	FFFFFFFFFFFFFFF	FFFFFFFFFFF	FFFFF:FFFFFFFFF:FFFF:FFFFFFF,FFFF	37	37	11
A00405:732:HCVWNDSX7:2:1136:2591:35540	GCTCCAACTTTCTTC	TGCATGATGGG	CTCACAGTAACCGTGACCGCAGCCACACTGCTT	FFFFFFFFFFFFFFF	FFFFFFFFFFF	FFFFFFFFFFFFFFFFFFFFFFFFFFFFFFFFF	37	37	37
A00405:732:HCVWNDSX7:2:1137:31611:4946	AGGGATGTCCGTGGC	CACGATGCCAT	CTTACTGTAACCGTCACCGCAGCGACCCTACTC	FFFF:FFFFFFFFFF	FFFFFFFFFFF	F:F:F:FF::FFFFF:FFFF:FFF:FFFF:FFF	25	37	25
A00405:732:HCVWNDSX7:2:1137:10791:7654	GGCTTCTCGTACTGT	CTTCACAGACG	CTAACTGTTACGGTCACTGCAGCGACACTCCTA	FFFFFFFFFFFFFFF	FFFFFFFFFFF	FF:FFFFFFFFFFFF,FFFFF:FFFF:FFFF:F	37	37	11
A00405:732:HCVWNDSX7:2:1137:20636:10019	CACAGTACATGTCCT	CTTTAACACGG	CTCACCGTAACCGTCACAGCTGCTACGCTGCTT	FFFFFFFFFFFFFFF	FFFFFFFFFFF	FFFFFFFFFFFFFFFFFFFFFFFFFFFFFFFFF	37	37	37
A00405:732:HCVWNDSX7:2:1137:12617:11256	TAGACCGCCTTGATC	AGATTCGACTT	CTCACCGTTACTGTCACTGCAGCAACCCTACTT	FFFFFFFFFFFFFFF	FFFFFFFFFFF	FFFFFFF:FFFF:FFFFFFFFFFF:FFF:FFF,	37	37	11
A00405:732:HCVWNDSX7:2:1137:18484:27868	GTCAAACTTTCTTCT	GCATGATGGGT	CTGACAGTTACCGTTACAGCAGCCACGCTTCTG	FFFFFFFFFFFFFFF	FFFFFFFFFFF	FFFFFFFFFFFFFFFFFFFFFFFF,FFF:FFFF	37	37	11
A00405:732:HCVWNDSX7:2:1137:7157:30953	CGTACTGTCTTCACA	GACGGGTTCAC	CTCACCGTTACTGTCACTGCAGCAACCCTACTT	FFFFFFFFFFFFFFF	FFFFFFFFFFF	FFFFFFFFFFFFF:FFFFFFFFFFFFFFFFFFF	37	37	25
A00405:732:HCVWNDSX7:2:1137:12735:36605	CACTCCATTCTCCCA	AAGCGTCACCG	CTCACTGTAACCGTTACAGCTGCTACACTTCTC	FFFFFFFFFFFFFFF	FFFFFFFFF:F	FFFFFFFFFFFFFFFFFFFFFFFFFFFFFFFFF	37	25	37
A00405:732:HCVWNDSX7:2:1138:1841:2206	AAGTCTGGTCTGCAT	GATGGGTGTGG	CTGACAGTTACTGTCACTGCTGCTACCCTCCTA	FFFFFFFFFFFFFFF	FFFFFFFFFFF	FFFFFFFFF:FFFFFFFFFFFFFF:FFF,FFFF	37	37	11
A00405:732:HCVWNDSX7:2:1138:19397:15734	TAAACCGAGGCTATC	TGTCGACTAAC	CTCACCGTAACCGTCACAGCTGCTACGCTGCTT	FFFFFFFF:FFFFFF	FFFFFFFF,FF	FFFFFFFF:FFFFFFFF:FF:FFF,FFFFFF,:	25	11	11
A00405:732:HCVWNDSX7:2:1138:13693:18004	TGGCCAGCTTTCTTC	TGCATGATGGG	CTAACTGTAACCGTCACTGCGGCAACTCTGCTC	FFFFFFFF:FFFFFF	FFFFFFFFFFF	FFFFFFFFFFFFF:FFFFFFFFFFFFFFFFFFF	25	37	25
A00405:732:HCVWNDSX7:2:1138:13539:27759	GACCTGGGACGTCCG	TGGCCACGATG	CTCACGGTAACCGTGACAGCAGCAACTCTCCTA	FF::FFFFFFFFFFF	FFFFFFFFFFF	FFFFF:FFFFFFFFFFF:FF:FFF,F,FFFFF:	25	37	11
A00405:732:HCVWNDSX7:2:1139:20998:2534	CTCTACGCAGCCTAT	ACGACCTGCTA	CTGACAGTTACCGTTACAGCAGCCACGCTTCTG	FFFFFFFFFFFFFFF	FFFFF:FFFFF	FFFFFFFFFF:FFFFFFFFFFFFFFFFFFFFFF	37	25	25
A00405:732:HCVWNDSX7:2:1139:6126:9001	CCACTACTACTGCAG	CTAGAGACACC	CTCACAGTAACCGTGACCGCAGCCACACTGCTT	FFFFFFFFFFFFFFF	FFFFFFFFFFF	FFFFFFFFFFFFFFFFFFFFFFFFFFFFFFFFF	37	37	37
A00405:732:HCVWNDSX7:2:1140:14805:17487	CTTTGCGCACCCAGT	GTCGAGTTGCG	CTCACCGTTACTGTCACTGCAGCAACCCTACTT	:,F::FF:FFFFF:F	F:FFFFFF,:F	F:FFFFF,FFFFFFFFFF:FFFFFFFFFF::F:	11	11	11
A00405:732:HCVWNDSX7:2:1140:23628:28761	CCTAAAGCGTCACCG	CTGCGGCCGTG	CTGACAGTTACCGTTACAGCAGCCACGCTTCTG	FFFFFFFFFFFFFFF	FFFFFFFFFFF	FFFFFFFFFFFFFFFFFFFFFFFFFFFFFFFFF	37	37	37
A00405:732:HCVWNDSX7:2:1141:5692:7404	GCAGTTAGAGACACC	AAGATCAGCAT	CTCACAGTAACCGTGACCGCAGCCACACTGCTT	FFFFFFFFFFFFFFF	FFFFFFFFFFF	FFFFFFFFFFFFFFF:FFFFFFFF,FFF:F:FF	37	37	11
A00405:732:HCVWNDSX7:2:1141:1615:16219	GGACGTCCGTGGCCA	CGATGCCATCC	CTAACAGTAACAGTTACTGCTGCGACTCTACTT	FFFFFFFFF:FFFFF	FFFFFFFFFFF	F,FFF,,:F::F,:FFF::FF:FFFFFF,F,:,	25	37	11
A00405:732:HCVWNDSX7:2:1142:32434:17519	GCAGTTAGAGACACC	AAGATCAGCAT	CTGACAGTTACCGTTACAGCAGCCACGCTGCTG	FF:F:FFFFFFF,FF	F,FFFF:FFFF	F:F,F,F,F:FFFFF,FFFF:FFF,FFF,,F,F	11	11	11
A00405:732:HCVWNDSX7:2:1142:11351:27633	CGGACTGCATGATGG	GTGTGGTGCGC	CTGACAGTTACCGTTACAGCAGCCACGCTTCTG	FFFFFFFFFFFFFFF	FFFFFFFFFFF	FF:FF:FFFF:FFFFF:FFFF:FFFFFFFFF:F	37	37	25
A00405:732:HCVWNDSX7:2:1142:26711:34914	TCTGGATGATGGGTG	TGGTGCGCTCT	CTGACCGTGACAGTTACTGCGGCAACGCTCCTC	FFFFFFFFFFFFFFF	FFFFFFFFFFF	FFFFFFFFFFFFFFFFFFFFFFFF,FFFFFFFF	37	37	11
A00405:732:HCVWNDSX7:2:1143:3920:8375	GTGCAGCTAGAGACA	CCAAGATCAGC	CTTACAGTTACGGTCACTGCAGCCACGCTTCTC	FFFFFFFFFF:FFFF	FFFFFFFFFFF	FFFFFFFF:FFFFFFFFFFFFFFFFFFFFFFFF	25	37	25
A00405:732:HCVWNDSX7:2:1143:22779:11318	CTAACTTCAATGAAA	CCGCCTCAATA	CTTACCGTTACTGTAACTGCCGCTACCCTTCTG	FFFFFFFFFFFFFFF	FFFFFFFFFFF	FFFFFFFFFFFFFFFFFF:FFFFFFFFFFFFFF	37	37	25
A00405:732:HCVWNDSX7:2:1143:28076:14888	GAAATGAGTTCTGTT	TCATTCTGGTG	CTGACTGTAACCGTCACTGCCGCTACACTTCTC	FFFFFFFFFFFFFFF	FFFFFFFFFFF	FFFFFFFF:FFFFFFFFFFFFFFFFFFFFFF,F	37	37	11
A00405:732:HCVWNDSX7:2:1143:1298:17206	ATGTGGTGCGCCCTA	ATTCTGGGACG	CTGACAGTTACCGTTACAGCAGCCACGCTTCTG	FFFFFFFFFFFFFFF	FFFFFFFFFFF	FFFFFFFFFFFFFFFFFFFFFFFFFFFFFFFFF	37	37	37
A00405:732:HCVWNDSX7:2:1143:8684:29309	TGTCCAACTTTCTTC	TGCATGATGGG	CTTACCGTCACCGTAACCGCAGCCACTCTACTC	FFFFFFFF:FFFFFF	FFFFFFFFFFF	FFFFFFFFFFFFFFFFFFFFFFFFFFFFFFFFF	25	37	37
A00405:732:HCVWNDSX7:2:1143:16803:31720	GCATGATGGGTGTGG	TGCGCTCTAAT	CTTACAGTTACCGTGACCGCTGCTACGCTACTT	FFFFFFFFFFF:FFF	FFFFFFFFFFF	F:FFF:FFFFFFFFFFFFFFFFFF:FFF:FFFF	25	37	25
A00405:732:HCVWNDSX7:2:1144:11912:3396	GCTGGGTGTGGTGCG	CTCTAATTCTG	CTAACTGTAACCGTCACTGCGGCAACTCTGCTC	FFFFFFFFFFFFFFF	FFFFFFFFFFF	FFFFFFFF,FFFF:FFFFFFFFFFFFFFFFFF:	37	37	11
A00405:732:HCVWNDSX7:2:1144:25211:7106	GGTGCGTTCTAATTC	TGGGACGTCCG	CTGACAGTTACCGTTACAGCAGCCACGCTTCTG	FFFFFFFFFFFFFFF	F,FFFFFFFFF	F,FFF,FFFFFF:F::FF,FFF:FF,FFFFFFF	37	11	11
A00405:732:HCVWNDSX7:2:1145:18141:10895	GACGGCTTCTCGTAC	TGTCTTCACAG	CTTACTGTTACGGTAACCGCAGCCACGCTCCTT	FFFFFFFFFFFFFFF	FFFFFFFFFFF	FFFFFFFFFFFFFFFFFFFFFFFFFFFFFFFFF	37	37	37
A00405:732:HCVWNDSX7:2:1145:21097:19429	CCTCGTCACTCGACG	GGCATTCAACT	CTGACAGTTACCGTTACAGCAGCCACGCTTCTG	FFFFFFFFFFFFFFF	FFF:FFFFFFF	FFFFFFFFFFFFFFFFFFFFFFFFFFFFFFFFF	37	25	37
A00405:732:HCVWNDSX7:2:1145:24496:25942	TCTTTCCAGGGTTCC	CGTAGCTAGCC	CTGACGGTAACAGTGACAGCAGCAACCCTACTT	FFFFFFFFFFFFFFF	FFFFFFFFFFF	FFFFFFFFF:FFFFFFFFFFFFFFFFFFFFFFF	37	37	25
A00405:732:HCVWNDSX7:2:1145:7780:32941	TAAGCGTCACCGCTG	CGGCCGTGATC	CTGACAGTAACCGTTACTGCGGCGACACTTCTA	FFFFFFFFFFFFFFF	FFFFFFFFFFF	FFFFF:FFFFFFFFF,FFFFFFFFFFFF:FF,F	37	37	11
A00405:732:HCVWNDSX7:2:1145:17598:33348	CGCAGGTCTTGTTTG	TCCGACCGTCT	CTCACAGTAACCGTGACCGCAGCCACACTGCTT	FFFFFF:FFFFFFFF	FFFFFFFFFFF	FFFFFFFFFFFFFFFFFFFFFFFFFFFFFFFFF	25	37	37
A00405:732:HCVWNDSX7:2:1146:4463:17550	TCTGCATGATGGGTG	TGGTGCGCTCT	CTTACAGTTACGGTCACTGCTGCAACCCTCCTG	FFFFFFFF:FFFFFF	FFFFFFFFFFF	FFFFFFFFFFFFFFFFFFFFFFFFFFFFFFF:F	25	37	25
A00405:732:HCVWNDSX7:2:1146:25247:23328	CCGGGTTCACTACTA	CTGCAGCTAGA	CTCACCGTTACTGTCACTGCAGCAACCCTACTT	FFFFFFFFFFFFFFF	FFFFFFFFFFF	FFFFFFFFFFFFFFFFFFFFFFFF:FFFFFFFF	37	37	25
A00405:732:HCVWNDSX7:2:1146:6551:24486	TAGTGGTAGGTGCTA	GCCGTCCGGGC	CTGACAGTTACTGTCACTGCTGCTACCCTCCTA	FF:FFF,FFFF:FFF	FFF:FF,F:FF	F,FFF,FFFFFF:FFFFFFFFFFFFFFF:FFFF	11	11	11
A00405:732:HCVWNDSX7:2:1146:31729:25504	CAGGTGCTCTACCAG	ACAAGGCCTGC	CTAACCGTGACCGTAACAGCCGCTACGCTTCTT	FFFFFFFFFFFFFFF	FFFFFFFFFFF	FFFFFFF:FFFFFFF:FFFFFFF:FFFF:FF::	37	37	25
A00405:732:HCVWNDSX7:2:1146:31277:28479	GTGATACACCGCTAG	CTCAGGTGGAT	CTGACGGTAACAGTGACAGCAGCAACCCTACTT	F:FFFFFF:F:FFFF	FFFFF:,:FFF	FFF:FFFFFF:FFFFFFFF:FFFFF:FFFFFF,	25	11	11
A00405:732:HCVWNDSX7:2:1146:25988:30655	CCCAATCCATACCAT	GATCTGTCCAA	CTCACCGTTACTGTCACTGCAGCAACCCTACTT	FFFFFFFFFFF,FFF	FFFFFFFFFFF	FFFFFFFFFFFFFFFFFFFFF,FFFFFFF,:FF	11	37	11
A00405:732:HCVWNDSX7:2:1147:16568:14528	GGCTGGTGCGCTCTA	ATTCTGGGACG	CTGACTGTTACTGTCACGGCTGCCACTCTCCTT	,FF:F,F,FFF,FFF	F:FFFFFFFFF	FFFFFFFFFF:FFFFFFFFFFFFFFFFFFFFFF	11	25	25
A00405:732:HCVWNDSX7:2:1147:20112:36135	GACGTGCTCTAATTC	TGGGACGTCCG	CTCACCGTTACTGTCACTGCAGCAACCCTACTT	FFFFFFFFFFFFFFF	FFFFFFFFFFF	FFFFFFFFFFFFFFFFFFFFFFFF:FFFFFFFF	37	37	25
A00405:732:HCVWNDSX7:2:1150:29930:8641	GTCCAACTTTCTTCT	GCATGATGGGT	CTCACTGTTACCGTCACTGCAGCTACCCTGCTC	FFF,FFFFFFFFFF:	:FFFFFFFFFF	FFFFFFFFFFFFFFFFFFFFFFFFFFFFFFFFF	11	25	37
A00405:732:HCVWNDSX7:2:1150:17635:22795	TCTCTAATCCTTGAC	CTCCGGTGCAC	CTAACTGTAACCGTCACTGCGGCAACTCTGCTC	FFFFF:FFFFFFFFF	FFFFFFFFFFF	F:F:FFFFFFFFFFFFFFFFFFFF:FFFFFF:F	25	37	25
A00405:732:HCVWNDSX7:2:1150:17128:28087	GGTGCGTTCCAAACA	GAGCTTGCTCC	CTGACAGTCACTGTGACTGCAGCCACCCTACTT	FFFFFFFFFFFFFFF	FFFFFFFFFFF	:FFFFFFFFFFFFFFFFFFFFFFFFFFFFFFFF	37	37	25
A00405:732:HCVWNDSX7:2:1151:12988:13495	ACATGGTGGGTGTGG	TGCGCTCTAAT	CTGACCGTCACTGTCACTGCCGCCACGCTTCTA	FFFFFFFFFFFFFFF	FFFFFFFFFF:	FFFFFFFFFFFFFFF:FFFFFFFFFFFFFFFF:	37	25	25
A00405:732:HCVWNDSX7:2:1151:6090:28917	CATACTGTCTTCACA	GACGGGTTCAC	CTGACCGTCACTGTCACTGCCGCCACGCTTCTA	FFFFFFFFFFFFFFF	FFFFFFFFFFF	FFFFFFFFFFFFFFFFFFFFFFFF:FFF,,FFF	37	37	11
A00405:732:HCVWNDSX7:2:1152:25482:4570	TAGCCGGTCCAACTT	TCTTCTGCATG	CTTACCGTCACCGTAACCGCAGCCACTCTACTC	FFFFFFFFFFFFFFF	FFFFFFFFFFF	FFFFFFFFFFFFFFFFFFFFFFFF:FFFFFF:F	37	37	25
A00405:732:HCVWNDSX7:2:1152:28745:4711	TACTCATGTACTTCT	TAGCATGCACC	CTAACCGTGACCGTGACTGCCGCAACTCTACTT	FFFFFFFFFFFFFFF	FFFFFFFFFFF	FFFFFFFFFFFFFFFFFFFFFFFF,FFFFFFFF	37	37	11
A00405:732:HCVWNDSX7:2:1152:9959:7091	GTCCAACTTTCTTCT	GCATGATGGGT	CTTACTGTAACCGTCACCGCAGCGACCCTACTC	F:F:FFFFFFFFFFF	FFFFFFFFFFF	FFF:FFFFFFFFFFFFFF:FFFFFFFFFFFFFF	25	37	25
A00405:732:HCVWNDSX7:2:1152:9245:26772	GTCCAACTTTCTTCT	GCATGATGGGT	CTAACTGTAACCGTCACTGCGGCAACTCTGCTC	FFFFFFFF:FFFFFF	FFFFFFFFFFF	FFFFFFFFFFFFFFFFFFFFFFFFFFFFFFFFF	25	37	37
A00405:732:HCVWNDSX7:2:1153:30364:6981	CGGACGTCCGTGGCC	ACGATGCCATC	CTCACCGTTACTGTCACTGCAGCAACCCTACTT	FFFFFFFFFFFFFFF	FFFFFFFFFFF	FFFFFFFFFFFFFFFFFFFFF:FF,FFFFFFF:	37	37	11
A00405:732:HCVWNDSX7:2:1153:24469:15969	GCTCCTACTTTCTTC	TGCATGATGGG	CTGACTGTAACTGTTACAGCCGCTACGCTTCTA	FFFFFFFFFFF:FFF	FFFFF:FFF:F	FFFFFFFFFF,FFFFFFFFFFFFFFFFFF,:FF	25	25	11
A00405:732:HCVWNDSX7:2:1153:9091:17895	GCATGATGGGTGTGG	TGCGCTCTAAT	CTAACTGTAACCGTCACTGCGGCAACTCTGCTC	F:F,FFFFFFFFFFF	FF:FFFF:FFF	FF:FFFFFFFFFFFFFFFFFFFFF,FFFFFFFF	11	25	11
A00405:732:HCVWNDSX7:2:1154:1488:2691	TGTTTTGTGTAATGA	TGCTTAGGCCT	CTCACGGTTACTGTGACCGCGGCGACCCTACTT	FF:FFFFFFFFFFFF	FFFFFFFFFFF	FFFFFFFF:FFFFFFFFFFFFFF:FFFF::FFF	25	37	25
A00405:732:HCVWNDSX7:2:1154:7717:27352	GCTCCATTCTCCCAA	AGCGTCACCGC	CTCACTGTAACCGTTACTGCAGCGACTCTGCTG	FFFFFFFFFFFFFFF	FFFFFFFFFFF	FFFFFFFFFFFFFFFFFFFFFFFFFFFFFFFFF	37	37	37
A00405:732:HCVWNDSX7:2:1154:9344:28447	ACGGGTTCACTACTA	CTGCAGCTAGA	CTGACTGTAACCGTCACTGCCGCTACACTTCTC	FFFFFFFFFFFFFFF	FFFFFFFFFFF	FFFF:FFFFF:F:FFF:F::F:FFFFFFFFFFF	37	37	25
A00405:732:HCVWNDSX7:2:1154:16016:31516	TCTTCGCATGATGGG	TGTGGTGCGCT	CTAACTGTAACCGTCACTGCGGCAACTCTGCTC	FFFFFFFFFFFFFFF	FFFFFFFFFFF	FFFFFFFFFFFFFFF:FFFFFFFF:FFFFFF:F	37	37	25
A00405:732:HCVWNDSX7:2:1154:15383:36777	GTCCAACTTTCTTCT	GCATGATGGGT	CTCACAGTGACTGTAACAGCAGCTACGCTGCTA	FFFFFFFFFFFFFFF	FFFFFFFFFFF	FFFFFFFFFFFFFFFFFFFFFFFFFFFFFFFFF	37	37	37
A00405:732:HCVWNDSX7:2:1155:28275:4022	CCTAGTCTATCCCAG	GTGTCAATATG	CTGACAGTTACCGTTACAGCAGCCACGCTTCTG	FFFFFFFFFFFFFFF	FFFFFFFFFFF	FFF:FFFFFFFFFFF,FFFFFFFF,FFF:FFFF	37	37	11
A00405:732:HCVWNDSX7:2:1155:27299:8531	GTACAACTTTCTTCT	GCATGATGGGT	CTAACTGTCACTGTAACAGCCGCTACACTTCTC	FFF:FFFFFFFFFFF	FFFFFFFFFFF	FFFF,FFF:F,F:FF:FFFFFFF:F:FF:F:F,	25	37	11
A00405:732:HCVWNDSX7:2:1155:30409:27853	CTCGTACTGTCTTCA	CAGACGGGTTC	CTGACAGTAACCGTTACTGCGGCGACACTTCTA	FFFFFFFFFFFFFFF	FFFFFFFFFFF	FFFFFFFFFFFFFFFFFFF,FF:FFFFFFFFFF	37	37	11
A00405:732:HCVWNDSX7:2:1155:16315:33755	GCTCCAACTTTCTTC	TGCATGATGGG	CTGACAGTCACAGTGACTGCCGCGACTCTTCTT	FFFFFFFFFFFFFFF	FFFFFFFFFFF	FFFFF:F:F:FFF:FFFFFFFFFF:FFFFF:FF	37	37	25
A00405:732:HCVWNDSX7:2:1156:22544:25128	CCGTACTGTCTTCAC	AGACGGGTTCA	CTAACCGTCACTGTTACTGCCGCAACTCTCCTT	FFFFFFFFFFFFFFF	FFFFFFFFFFF	FFFFFFFFFFFFFFFFFFFFFFFFFFFFFFFF:	37	37	25
A00405:732:HCVWNDSX7:2:1156:2410:26804	TGATTTCCACATATA	TCCTCTTCACC	CTCACCGTTACTGTCACTGCAGCAACCCTACTT	:FFFFFF:FF,FFFF	F,:F,FFFFFF	FF:FFFFF,FFFFFFFFF,FFFFFFFFFFF:F:	11	11	11
A00405:732:HCVWNDSX7:2:1157:5882:20290	GTCCAACTTTCTTCT	GCATGATGGGT	CTGACTGTGACTGTAACTGCTGCTACCCTTCTC	FFFFFFFFFFFFFFF	FFFFFFFFFFF	FFFFFFFFFFFFFFFFFFFFFFFFFFFFFFFFF	37	37	37
A00405:732:HCVWNDSX7:2:1157:17915:25723	ACGCAGCTAGAGACA	CCAAGATCAGC	CTCACAGTAACCGTGACCGCAGCCACACTGCTT	FFFFFFFFFFFFFFF	FFFFFFFFFFF	FFF:FFFFFFFFFFFFFFFFFFFF:FFFFFFFF	37	37	25
A00405:732:HCVWNDSX7:2:1158:13792:9095	TCAGCAATCTATGTG	GTCGCATCCGA	CTGACAGTTACCGTTACAGCAGCCACGCTTCTG	FFFFFFFFFFFFFFF	FFFFFFFFFFF	FFFFFFFFFFFFFFFFFFFFFFFFFFFF:FFFF	37	37	25
A00405:732:HCVWNDSX7:2:1158:19795:30921	TGTCCCACTTTCTTC	TGCATGATGGG	CTCACCGTAACCGTCACAGCTGCTACGCTGCTT	FFFFFFFF:FFFFFF	FFFFFFFFFFF	FFFFFFFFFFFFFFFFFFFFFFFFFFFFFFFFF	25	37	37
A00405:732:HCVWNDSX7:2:1158:30779:34225	TAACGATCCTTTACA	AATTGATCGGT	CTCACAGTAACCGTGACCGCAGCCACACTGCTT	FFFFFFFFFFFFFFF	FFFF:FFF:F,	FFFFFFFFFFFFFFFFFFFFFFF:FF:FFFFFF	37	11	25
A00405:732:HCVWNDSX7:2:1159:3902:3427	ATCTACTGCATGATG	GGTGTGGTGCG	CTGACAGTTACCGTTACCGCAGCCACGCTTCTG	,F:::FFFFFFFFF,	F:,F::FFFF,	F:FFFFF::,FFF:F,F,FFFFFFFFFF:,,:F	11	11	11
A00405:732:HCVWNDSX7:2:1159:26603:8484	TGAAAGAGTCTCACC	TGTCCTATTTT	CTAACTGTAACCGTCACTGCGGCAACTCTGCTC	FFFFFFFFFFFFFFF	:FFFFFFFFFF	FFFFFFFFFFFFFFFFFFFFFFF:FFFFFFFFF	37	25	25
A00405:732:HCVWNDSX7:2:1159:10691:17065	CTACGTCCGTGGCCA	CGATGCCATCC	CTTACGGTTACTGTTACAGCTGCGACTCTGCTG	FFF,FFF::F::FFF	FFF,F,FFFFF	FFF:F:FFF:F:FFFFFFFF:FFFFFFF,FFFF	11	11	11
A00405:732:HCVWNDSX7:2:1159:17454:19601	AGGGATGAGTCTCGG	CGAAAAAAATT	CTGACCGTCACCGTTACCGCTGCAACTCTGCTC	FFFFFFFFFFFFFFF	FFF:FFFFFFF	FFFFFFFFFFFFFFFFFFFFFFFFFFFFFFFFF	37	25	37
A00405:732:HCVWNDSX7:2:1159:21820:29512	TTCTCAATCCTGTAC	CTCGTCCGGGC	CTTACCGTAACGGTAACTGCCGCCACGCTGCTT	FFFFFFFFFF:FFFF	FFFFFFFFFFF	FFFFFFF:F,FFFFFFFFFFFFFFFFFFFFFFF	25	37	11
A00405:732:HCVWNDSX7:2:1159:6840:31594	TATCTCACATGATCC	AGCTGGCCAAC	CTAACTGTAACCGTCACTGCGGCAACTCTGCTC	FFFFFFFFFFFFFFF	FFFFFFFFFFF	FFFFFFFFFFFFFFFFF:FFFFFFFFFFFFF:F	37	37	25
A00405:732:HCVWNDSX7:2:1159:28330:32174	GCATGGGTGTGGTGC	GCTCTAATTCT	CTGACTGTTACTGTCACGGCTGCCACTCTCCTT	FFFFFFFFFFFFFFF	FFFFFFFFFFF	FFFFFFFFFFFFFFFFFFFFFFFFFFFFFFFFF	37	37	37
A00405:732:HCVWNDSX7:2:1159:21875:37027	CTACGTCCGTGGCCA	CGATGCCATCC	CTTACGGTTACTGTTACAGCTGCGACTCTGCTG	FFFFFFFFFFFFFFF	FFFF:FFFFFF	FF:FFFFFFFFFFF:FFFFFFFFFFFFFFFFFF	37	25	25
A00405:732:HCVWNDSX7:2:1160:15609:1595	CAGCTGGGTCATCCC	TCCTATCTTTT	CTAACAGTAACAGTCACTGCCGCTACTCTGCTC	FFFFF:FFFFFFFFF	FFFFFFFFFFF	FFF:F:FFF:FF:FF:FFFFFFFFFFFFFFFFF	25	37	25
A00405:732:HCVWNDSX7:2:1160:29749:12367	GCTTCCAAACAGAGC	TTGCTCCATTC	CTCACCGTTACTGTCACTGCAGCAACCCTACTT	FF::F:FFF:FFF,F	FFFFFF,FFF:	FFFFF:FFFFFF:FFF,:,FFF:FFF::FF:FF	11	11	11
A00405:732:HCVWNDSX7:2:1160:32551:33411	TTAGGACGTGTTGAG	GACCTCTCTGC	CTCACAGTGACTGTAACAGCAGCTACGCTGCTA	:FFFFFFFFFFFFFF	FFFFFFFFFFF	FFF,F:FFF,F,FF::FFFF,FFF,FFF,FF,F	25	37	11
A00405:732:HCVWNDSX7:2:1161:8684:33661	AAGTCTGGTCTGCAT	GATGGGTGTGG	CTGACAGTTACTGTCACTGCTGCTACCCTCCTA	FF:FFF,FFFFF:F,	F::FF,FFF,:	FFFF,:F,F,FF:FFF:FFFF,F:,:FF,F:,F	11	11	11
A00405:732:HCVWNDSX7:2:1162:1741:5885	GTATCTTCACCCAGT	GCTTGACCACA	CTGACGGTAACAGTGACAGCAGCAACCCTACTT	FFFFFFFFFFFFFFF	FFFFFFFFFFF	FFFFFFFFFFFFFFFFFFFFFFFFFFFFFFFFF	37	37	37
A00405:732:HCVWNDSX7:2:1162:31656:10567	CACCAGGGCGTCACC	GCTGCGGCCGT	CTTACAGTTACTGTTACTGCAGCGACTCTGCTT	FFFFFFFFFFFFFFF	FFFFFFFFFFF	F,FFFFFFFFFFFFFF:FFFFF:FFFFFFFFF:	37	37	11
A00405:732:HCVWNDSX7:2:1162:12029:20353	TCACAAGCGGGTTCA	CTACTACTGCA	CTGACGGTAACAGTGACAGCAGCAACCCTACTT	FFFFFF:F:FFFFFF	FF:FFFF:FFF	FFFFFF,FFF:FF:FFFF,FFFFFFF:F:FF:F	25	25	11
A00405:732:HCVWNDSX7:2:1162:1081:24596	GAACCTATCAACGCT	ACTTCTAATGC	CTGACCGTCACTGTCACTGCCGCCACGCTTCTA	FFF:FFFFFFFFFFF	F:FFFFFFFFF	:::,,F:F,FF::F,FFF,,,FFFFFFF:FFFF	25	25	11
A00405:732:HCVWNDSX7:2:1162:20094:29716	GAACATCCAATGGAT	AACCGAGTATC	CTCACGGTTACTGTGACCGCGGCGACCCTACTT	FFFFFFFFFFFFFFF	FFFFFFF:FFF	FFFFFFFFFFFFFFF,FFFFFFFF:FFFFFFFF	37	25	11
A00405:732:HCVWNDSX7:2:1163:2745:9846	CTAACTTGTTTAATC	CGCCCCGACGT	CTTACAGTTACCGTTACAGCAGCCACACTCCTG	,:FF,FFFFFFFF,F	:F,:F,,FF:,	F:F:FF,F,FF::FFFFF:,F:FFFFF:FFF:,	11	11	11
A00405:732:HCVWNDSX7:2:1163:10140:10661	TCAATCTAGACCACG	ATAAAGTCCGC	CTAACTGTAACAGTTACTGCTGCGACTCTACTT	F,FFFFFFFFFFFFF	FF:FFFFFF:F	F:FFFFFFFFFFFFFFFFFFF:FFFF:FFFFFF	11	25	25
A00405:732:HCVWNDSX7:2:1163:17327:25238	CTCAGAATCTTACCT	AGCATCCGAAC	CTTACAGTCACAGTTACCGCCGCCACCCTACTC	FFFFFFFFFFFFFFF	FFFFFFFFFFF	FFFFFFFFFFFFFFFFFFFFFFFFFFFFFFFFF	37	37	37
A00405:732:HCVWNDSX7:2:1163:12057:33739	ACCTACTGCAGCTAG	AGACACCAAGA	CTCACGGTTACTGTGACCGCGGCGACCCTACTT	FFFFFFFFFFFFFFF	FFFFFFFFFFF	FFFFFFFF::FFFFFFFFFFFFFFFFFFFFFFF	37	37	25
A00405:732:HCVWNDSX7:2:1163:12400:34491	TGGGTGTGGTGCGCT	CTAATTCTGGG	CTAACCGTAACTGTGACGGCTGCAACGCTTCTG	FFFFFFFFFFFFFFF	FFFFFFFFFFF	FFFFFFFFFFFFFFFFFFFFFFFFFFFFFFFFF	37	37	37
A00405:732:HCVWNDSX7:2:1163:13765:36135	TACGGTATCACCATA	GGTCCAACTTT	CTAACTGTAACCGTCACTGCGGCAACTCTGCTC	FFFFFFFFFFFFFFF	FFFFFFFFFFF	FFFFFFFFFFFFFFFFFFFFFFFFFFFFFFFFF	37	37	37
A00405:732:HCVWNDSX7:2:1164:6668:4679	AACTGGTTCACATAC	GCCATCCACTA	CTCACAGTGACTGTAACAGCAGCTACGCTGCTA	FFFFFFFFFFFFFFF	FFFFFFFFFFF	FFF:FF:,FFFF:F,FFFFFFFFFFFFFF:FF,	37	37	11
A00405:732:HCVWNDSX7:2:1164:31928:18427	GACATGTCTCTTATG	TTCGCTCGCTT	CTGACAGTCACAGTGACTGCCGCGACTCTTCTT	,:FFFFFFFFFFF:F	FFFFFFFFFF:	FFFFF:FFF:FFFFF:F,:FFFFFFFFFFFF::	11	25	11
A00405:732:HCVWNDSX7:2:1164:15194:26271	TGGCTGGGACGTCCG	TGGCCACGATG	CTCACTGTAACAGTTACTGCTGCTACTCTACTT	FFFFFFFFFFFFFFF	FFFFFFFFFFF	FFFFFFFFFFFFFFFFFFFFFFFFFFFFFFFFF	37	37	37
A00405:732:HCVWNDSX7:2:1164:13187:34882	ATCTACTAGCGCCTC	AGTTCTTGGTG	CTCACTGTTACCGTCACTGCAGCTACCCTGCTC	FFFFFFFFFFFFFFF	FFFFFFFFFFF	FFFFFFFFFFFFFFFFFFFFFFFFFFFFFFFFF	37	37	37
A00405:732:HCVWNDSX7:2:1165:9914:2503	GCATGATGGGTGTGG	TGCGCTCTAAT	CTGACCGTAACCGTGACTGCCGCAACCCTTCTC	FFFFFF:FFFFFFFF	F:FFFFFFFFF	FF:F:FFFFFFFFFFFFFFFFFFF,FFF::FFF	25	25	11
A00405:732:HCVWNDSX7:2:1165:28989:8015	GCTGCGGCCGTGATC	AAAATTCCGGC	CTGACAGTTACAGTAACAGCTGCCACACTTCTG	FFFFFFFFFFFFFFF	FFFFFFFFFFF	FFFFF:FFFFFFFFFFFFFFFFFFFFFFFFFFF	37	37	25
A00405:732:HCVWNDSX7:2:1165:25247:10927	GACGTCCGTGGCCAC	GATGCCATCCA	CTGACGGTAACAGTGACAGCAGCAACCCTACTT	FFF,F::FFFFFFFF	FFFFFFFFF:F	FFFFFF:FF::FFFFFFFFF:FF:FFFF,FFFF	11	25	11
A00405:732:HCVWNDSX7:2:1165:1090:18411	ACGCAGCTAGAGACA	CCAAGATCAGC	CTTACAGTTACCGTTACAGCAGCCACACTCCTG	FFFFFFFFFFFFFFF	FFFFFFFFFFF	FFFF:FFFFF:FFFFFFFFFFFFF:FFFF:FFF	37	37	25
A00405:732:HCVWNDSX7:2:1165:13150:20165	GGACGTCCGTGGCCA	CGATGCCATCC	CTCACTGTAACCGTTACAGCTGCTACACTTCTC	FFFFFFFFFFFFFFF	FFFFFFFFFFF	FFFFFFFFFFFFFFFFFFFFFFFFFFFFFFFFF	37	37	37
A00405:732:HCVWNDSX7:2:1165:18566:27070	GGAACTTTCAACACT	GTACCCCCGGC	CTGACAGTTACCGTTACAGCAGCCACGCTTCTG	F:FF::FF:FFFFFF	F:FFFF:FF,F	FFFFFFFFFFF,,FFFFF:FFF,FF,F:FF,FF	25	11	11
A00405:732:HCVWNDSX7:2:1165:29695:28776	GGGACCTTCCCTAAT	TGTTGCACGAA	CTTACCGTAACGGTAACTGCCGCCACGCTGCTT	FFFFFFFFFFFFFFF	FFFFFFFFFFF	FFFFFFFFF:FFFF,FFFFFFFFFFFFFFFFF:	37	37	11
A00405:732:HCVWNDSX7:2:1165:29197:33364	GGGACCTCCGTGGCC	ACGATGCCATC	CTTACCGTCACCGTAACCGCAGCCACTCTACTC	FFFFFFFFFFFFFFF	FFFFFFFFFFF	FFFFFFFFFFFFFFF,FF:F:FFF:FFFF:FFF	37	37	11
A00405:732:HCVWNDSX7:2:1165:23005:33943	TGCGGGTTCACTACT	ACTGCAGCTAG	CTGACTGTTACTGTCACGGCTGCCACTCTCCTT	FF:,F,F,FF:FFF:	:::FFFF,FFF	F,FFFF:,:FFF,,FFF:FFFFFFFFFFFF,,:	11	11	11
A00405:732:HCVWNDSX7:2:1166:20094:6324	TCTCGTACTGTCTTC	ACAGACGGGTT	CTCACTGTCACGGTCACCGCAGCCACACTGCTC	FFFFFFFFFFFFFFF	FFFFFFFFFFF	FFFFFFFFFFFFFFFFFFFFFFFFFFFFFFFFF	37	37	37
A00405:732:HCVWNDSX7:2:1166:9308:6778	GTGCAACTTTCTTCT	GCATGATGGGT	CTTACGGTTACCGTTACCGCCGCTACACTTCTG	FF:FFFFFFFFFFFF	FFFFFFFF,F,	FFFFFFFFFFFFFFFF::,FFFFFFFFFF,FFF	25	11	11
A00405:732:HCVWNDSX7:2:1166:9525:10097	AAAGTCTGTCCAACT	TTCTTCTGCAT	CTGACTGTAACTGTTACAGCCGCTACGCTTCTA	FFFFFFFFFFFFFFF	FFFFFFFFFFF	F:FFFFFFFFFFF,FFF::FFFFFFFFF:FFFF	37	37	11
A00405:732:HCVWNDSX7:2:1166:3739:23625	AGCAGCTAGAGACAC	CAAGATCAGCA	CTGACAGTCACAGTGACTGCCGCGACTCTTCTT	FFFFFFFFFFFFFFF	FFFFFFFFFFF	FFFFF,F:FFFFFFFFFFFFFFFF:FFFFFFFF	37	37	11
A00405:732:HCVWNDSX7:2:1166:18466:26115	GGGAGATCACCGATA	TTCCCAAAGTA	CTTACAGTCACAGTTACCGCCGCCACCCTACTC	FFFFFFFFFFFFFFF	FFFFFFFFFFF	FFFFFFFFFFFFFFFFFFFFFFFFFFFFFFFFF	37	37	37
A00405:732:HCVWNDSX7:2:1166:5520:29465	CAGGTGCGCTCTAAT	TCTGGGACGTC	CTGACGGTAACAGTGACAGCAGCAACCCTACTT	FFFFFFFFFFFFFFF	FFFFFFFFFFF	FFFFFFFFF,F:FFFFFFFFFFFFFFFFFFFFF	37	37	11
A00405:732:HCVWNDSX7:2:1166:13024:32597	CTGTGCTTCACAGAC	GGGTTCACTAC	CTGACAGTAACCGTTACTGCGGCGACACTTCTA	,F,:FFF:FFFFFFF	FFF:F:FFFFF	F:FFFFFFFFFFF:FFFFFFF:FFFFFFFFF:F	11	25	25
A00405:732:HCVWNDSX7:2:1166:25400:36871	GTCCAACTTTCTTCT	GCATGATGGGT	CTGACAGTTACCGTTACAGCAGCCACGCTTCTG	FFFFFFFFFFFFFFF	FFFFFFFFFFF	FFFFFFFFFFFFFFFFFFFFFFFFFFFFFFFFF	37	37	37
A00405:732:HCVWNDSX7:2:1167:15185:1266	GTTTCTAGTCCGAAG	AACAAATTATC	CTCACCGTTACTGTCACTGCAGCAACCCTACTT	FFFFFFFFFFFFFFF	FFFFFFFFFFF	FFFFFFFFFFFFFFF:FFFFFFFF,FFFFFFFF	37	37	11
A00405:732:HCVWNDSX7:2:1167:9173:3662	GGACGTCCGTGGCCA	CGATGCCATCC	CTGACTGTTACTGTCACGGCTGCCACTCTCCTT	FFF,FF,F:FF,FFF	FFF,FFFF,FF	FFFFFFFFFFFFFFFFFFFFFFFFFFFFF:FFF	11	11	25
A00405:732:HCVWNDSX7:2:1167:6479:10019	AACCATGTCGAACGG	AATAAAACTAC	CTGACCGTCACTGTCACTGCCGCCACGCTTCTA	FFFFFFFFFFFFFFF	FFFFFFFFFFF	FFFFFFFFFFFFFFFFFFFFFFFF:FFFF:FFF	37	37	25
A00405:732:HCVWNDSX7:2:1167:13801:10645	GGACGTCCGTGGCCA	CGATGCCATCC	CTGACGGTCACAGTTACTGCTGCTACCCTGCTC	FFFFFFFFFFFFFFF	FFFFFFFFFFF	FFFFFFFFFFFFFFFFFFFFFFFF:FFFFFF:F	37	37	25
A00405:732:HCVWNDSX7:2:1167:3314:21605	GGGAGTCCGTGGCCA	CGATGCCATCC	CTCACAGTGACCGTCACAGCCGCCACTCTCCTA	FFFFFFFFFFFFFFF	FFFFFFFFFFF	FFFFFFFFFFFFFFFFFFFFFFFFFFFFFFF:,	37	37	11
A00405:732:HCVWNDSX7:2:1168:19822:26897	AAGGCAGTCGGAAAT	AGACTGTCCAA	CTCACCGTTACTGTCACTGCAGCAACCCTACTT	FFFFFFFFFFFF:,F	FFFF:FFFFFF	FFFFFFF:F:FFFFF,FFFFFFFF:FFFFFFFF	11	25	11
A00405:732:HCVWNDSX7:2:1168:26350:28588	TCAGATGTCTTCGAG	ATGTGTTCTAC	CTCACAGTGACCGTCACAGCCGCCACTCTCCTA	FFFFFFFFFFFFFFF	FFFFF:FFF,F	FFFFFF:FF,FFFFFFFFFFFFFFFFFFFFFFF	37	11	11
A00405:732:HCVWNDSX7:2:1169:31213:18192	CATGGCGTCACCGCT	GCGGCCGTGAT	CTGACAGTTACCGTTACAGCAGCCACGCTTCTG	FFFFFFFFFFFFFF:	FFFFFFFFFFF	FFF:F:F,FFFFFFFFF:F:FFFF:FFFF,F:F	25	37	11
A00405:732:HCVWNDSX7:2:1169:17372:23719	GGCCAACTTTCTTCT	GCATGATGGGT	CTGACGGTAACAGTGACAGCAGCAACCCTACTT	FFFFFFFFFFFFFFF	FFFFFFFFFFF	FFFFFFF:F:F,FFFFF:FFFFFF,FFF::FF,	37	37	11
A00405:732:HCVWNDSX7:2:1169:4372:29763	GTACAACTTTCTTCT	GCATGATGGGT	CTGACCGTCACTGTAACTGCCGCTACTCTCCTT	FFFFFFFFFFFFFFF	FFFFFFFFFFF	FFFFFFFFFFFFFFFFFFFFFFF::F,FFFFFF	37	37	11
A00405:732:HCVWNDSX7:2:1170:7057:13495	ATTGGACTCACGCAT	ATCCATTCCAC	CTCACCGTTACCGTTACAGCAGCCACTCTACTC	:F,FFFFFFFF:FFF	FFF:,,FF:FF	FFFFFFF:FFFFF,F,FFFFFF:FFFFFFFFFF	11	11	11
A00405:732:HCVWNDSX7:2:1170:27498:20807	TTGCCGTTCAGCATG	TTTACTAAACA	CTTACAGTTACGGTCACTGCTGCAACCCTCCTG	FFFFFFFFFFFFFFF	FFFFFFFFFFF	FFFFFFFFFFFFFFF,FFFFFFFFFFFF:FFFF	37	37	11
A00405:732:HCVWNDSX7:2:1170:17418:31626	GTCGTAAGTGCTGTA	TGAGTCCTTGC	CTCACTGTCACGGTCACCGCAGCCACACTGCTC	FFFFFFFFFFFFFFF	FFFFFFFFFFF	FFFFFFF:FFFFFFFFFFFFFFFFFFFFFFFFF	37	37	25
A00405:732:HCVWNDSX7:2:1170:17074:31720	GTCGTAAGTGCTGTA	TGAGTCCTTGC	CTCACTGTCACGGTCACCGCAGCCACACTGCTC	FFF:FFFFFF:FFFF	F:FF:FF:FF,	F::FFFFFFFFFFFF:FF::FF,F:FFFFFF:F	25	11	11
A00405:732:HCVWNDSX7:2:1171:14724:4852	GCATGATGGGTGTGG	TGCGCTCTAAT	CTGACAGTTACCGTTACAGCAGCCACGCTTCTG	FFFFFFF,F,F,:FF	FF:F::FFFF:	FFFFFFF:FF:F:FFFFFFFFFFFFFFF:FF:F	11	25	25
A00405:732:HCVWNDSX7:2:1171:26675:29528	ATAGACCAGCCTTGA	TCATACACAAC	CTCACCGTTACTGTCACTGCAGCAACCCTACTT	FFFFFFFFFFFFFFF	FFFFFFFFFFF	FFFFFFFFFFFFFFFFFFFF:FFFFFFF::FFF	37	37	25
A00405:732:HCVWNDSX7:2:1171:25075:31172	AAGTCTGTCCTAGGG	CGCCTCCAACA	CTTACAGTTACCGTTACAGCAGCCACACTCCTG	FFFFFFFFFFFFFF:	FFFF:FFFF,F	FFFF:F:FFF,:,FFFFF,:FFFFFFF,:F,FF	25	11	11
A00405:732:HCVWNDSX7:2:1171:22661:31281	GTCCAACTTTCTTCT	GCATGATGGGT	CTCACTGTAACAGTTACTGCTGCTACTCTACTT	FFFFFFFF:FFFFFF	FFF:FFFFFFF	FFFFFFFFFFFFFFFFFFFFFFFFFFFFFF:FF	25	25	25
A00405:732:HCVWNDSX7:2:1172:14760:9893	CGGCTGTCTTCACAG	ACGGGTTCACT	CTCACCGTTACTGTCACTGCAGCAACCCTACTT	FF:FFFFFFFFFF:F	:FFFFFFFFFF	FFF,F:FFFFFFFFFFFFFFFFFFFFFF:FFFF	25	25	11
A00405:732:HCVWNDSX7:2:1172:17345:10582	GCTCTAATTCTGGGA	CGTCCGTGGCC	CTCACAGTTACGGTTACTGCAGCTACTCTTCTT	FFFFFFFFFFFFFFF	FFFFFFFFFFF	FFFFFFFFFFFFFFFFFFFFFFFF:FFFFFFFF	37	37	25
A00405:732:HCVWNDSX7:2:1172:6207:12524	GTCCCACTTTCTTCT	GCATGATGGGT	CTGACAGTTACCGTTACAGCAGCCACGCTTCTG	FFFFFFFFFFFFFFF	FFFFFF,FFFF	FFFFFFFFFFFFFFFFFFFFFFFFFFFFFFFFF	37	11	37
A00405:732:HCVWNDSX7:2:1172:3143:25880	GCACCTAGAGACACC	AAGATCAGCAT	CTGACGGTAACAGTGACAGCAGCAACCCTACTT	FFFFFFFFFFFFFFF	FFFFFFFFFFF	FFFFFFFFFFFFFFF:FFFFFFFFFFFFFFFFF	37	37	25
A00405:732:HCVWNDSX7:2:1172:16260:26303	GTCCCACTTTCTTCT	GCATGATGGGT	CTTACAGTTACGGTCACTGCTGCAACCCTCCTG	FFFFFFFFFFFFFFF	FFFFFFFFFFF	FFFFFFFFFFFFFFFFFFFFFFFFFFFFFFFFF	37	37	37
A00405:732:HCVWNDSX7:2:1173:16405:1564	CAGCAGCATGATCTG	TCCAACTTTCT	CTCACCGTAACCGTCACAGCTGCTACGCTGCTT	FF,FF:FFFFFFFFF	FFFFFFF:FFF	:FFFF,:F:F:FF:FFF:FF,:FFFFF:FF,FF	11	25	11
A00405:732:HCVWNDSX7:2:1173:16269:26725	ATCCGAACAACGATC	TTGGGGTGCGC	CTAACTGTTACGGTAACAGCTGCGACGCTTCTC	FFFFFFFFFFFFFFF	FFFFFFFFFFF	FFFFFFF:FFFFFF:FFFFFFFFFFFFFFFFFF	37	37	25
A00405:732:HCVWNDSX7:2:1173:6162:33771	GTCAAGTCAATGTTG	CGAACGTTCTA	CTGACGGTAACAGTGACAGCAGCAACCCTACTT	FFFFFFFFFFFFFFF	FFFFFFFFFFF	FFFFFFFFF,FFFFFFFFFFFFFF,FFFFFFFF	37	37	11
A00405:732:HCVWNDSX7:2:1174:24731:10379	CCTCTGATCTTCATG	TTTCTAAAGGG	CTGACCGTAACCGTGACTGCCGCAACCCTTCTC	:FFFFFFFFFFFFFF	FF:FFFFFFFF	FFFFFFFFFFFFFFFFFFFFFFFF:FFFFFFFF	25	25	25
A00405:732:HCVWNDSX7:2:1174:22670:11162	CTGGAACGTCCGTGG	CCACGATGCCA	CTCACCGTTACTGTCACTGCAGCAACCCTACTT	FFFFFFFFFFFFFFF	FFFFFFFFFFF	FFFFFFFFFFFFFFFFFF:FFFFF:FFF::FF:	37	37	25
A00405:732:HCVWNDSX7:2:1175:2329:4272	GTCCAACTTTCTTCT	GCATGATGGGT	CTCACCGTTACCGTTACAGCAGCCACTCTACTC	F:FFFFFFFFFF,FF	F:FF,FFFFFF	FFF::FFFFF:FFFFFF:FFFFFFFFFF:FFFF	11	11	25
A00405:732:HCVWNDSX7:2:1175:1750:10598	TGTGGTAAGCCTTGA	TCAACTTATCT	CTTACTGTAACCGTCACCGCAGCGACCCTACTC	:FFF:FF:,,:FFFF	FFFFFFFFFF:	:FFF:FFFFFFFFFFFFFFFFFFFFFFFFFFFF	11	25	25
A00405:732:HCVWNDSX7:2:1175:13648:14669	CTCCTAGGTAGATTA	GCATGTACTAC	CTGACAGTCACAGTGACTGCCGCGACTCTTCTT	FFFFFFFFFFFFFFF	FFFFFFFFFFF	FFFFFFFFFFFFFFFFFFF:FFFFF,FF:FFFF	37	37	11
A00405:732:HCVWNDSX7:2:1175:3974:23124	ATCTACTGTTCCCGA	GGCTGCCACGC	CTCACCGTTACTGTCACTGCAGCAACCCTACTT	FFFFFFFFFFFFFFF	FFFFFFFFFFF	F,F,FF:FFFFFF:F,FFFFFFFF,FFF:F:F,	37	37	11
A00405:732:HCVWNDSX7:2:1175:32823:34350	AGAATAGCACCATGT	AGGGTCTCACT	CTTACGGTCACGGTAACTGCAGCTACCCTTCTA	FFFFFFFFFFFFFF:	FFFFFFFFFFF	FFFFFFFFFFFFFFF,FFFFFFFFFFFF,F:FF	25	37	11
A00405:732:HCVWNDSX7:2:1177:4607:19272	AGGTCCGTCATCACC	CCCGAGGTGCG	CTAACTGTAACCGTCACTGCGGCAACTCTGCTC	FFFFFFFFFFFFFFF	FFFFFFFFFFF	FFFFFFFFFFFF:FFFFFFFFFFF:FFFFFFFF	37	37	25
A00405:732:HCVWNDSX7:2:1177:26820:21418	AGCAGCCTCAGATAA	GTCCTCGCTAC	CTGACAGTCACAGTGACTGCCGCGACTCTTCTT	FFFFFFFFFFFFFFF	FFFFFFFFFFF	FFFFFFFFFFFFFFFFFFFFFFFFFFFFFFFFF	37	37	37
A00405:732:HCVWNDSX7:2:1177:1118:26036	GGGCACTACTACTGC	AGCTAGAGACA	CTAACCGTAACTGTGACGGCTGCAACGCTTCTG	,:FFFF:FFFFFFFF	FFFFFF:F:FF	FFF,FFFFF:::FFF:FFFFFFF:FFF::FFFF	11	25	11
A00405:732:HCVWNDSX7:2:1177:9390:33755	GTCGGGTGTGGTGCG	CTCTAATTCTG	CTCACCGTTACTGTCACTGCAGCAACCCTACTT	FFFFFFFFF,FF:F:	F,F:FFF,F,F	FFFFFFFFFFFFFFFFFF:FFFFFFFFFF:F:F	11	11	25
A00405:732:HCVWNDSX7:2:1177:12689:36276	CTTTGCGTCATCTGT	TTGTGGGTGCG	CTGACGGTAACAGTGACAGCAGCAACCCTACTT	FFFFFFFFFFFFFFF	FFFFFFFFFFF	F:FFFFFFFFFFFF,FFFFFFFFFFFFFFFFFF	37	37	11
A00405:732:HCVWNDSX7:2:1178:15863:14372	GGGACGTCCGTGGCC	ACGATGCCATC	CTCACCGTTACTGTCACTGCAGCAACCCTACTT	FF:FFFFFFFFFF:F	FFFFFFFFFFF	FFFFFFFFFF:FFFFFFF:FFFFFFFFFFFFFF	25	37	25
A00405:732:HCVWNDSX7:2:1178:28212:28369	CTCCTAGCAGTGGGA	TGTTCCATCTC	CTAACAGTAACCGTCACTGCGGCAACTCTGCTC	:FFFFF,FFF,FF:F	FF::FFF:F:F	F:F:F,F,FFFF:,F,F,,F:FFF:FFF,FF,F	11	25	11
A00405:732:HCVWNDSX7:2:1178:28185:35681	ACGATGTCATGAGCG	AATTGTCCAAC	CTGACCGTCACTGTCACTGCCGCCACGCTTCTA	FFFFFFFFFFFFFFF	F,FFFFFFFFF	FFFFFFFFF,FFFFFFFFFFFFFFFFFFF,FFF	37	11	11
A00405:732:HCVWNDSX7:2:1201:27326:21919	GGGACCTCCGTGGCC	ACGATGCCATC	CTAACTGTAACAGTTACTGCTGCTACTCTACTT	F,,FFFFFFFFF:FF	,FFFFFFFFFF	FF,F,,,:FFFFF,FF:::FFF,,F,F,FF,FF	11	11	11
A00405:732:HCVWNDSX7:2:1201:28583:35900	GTTCCAACTTTCTTC	TGCATGATGGG	CTTACTGTTACAGTCACTGCAGCCACTCTGCTT	FFFFFFFFFF,FFFF	FFFFF:FFF::	FFFFFFFFFF:F:FFFFFFFFF,FFFFFFFFF:	11	25	11
A00405:732:HCVWNDSX7:2:1202:9914:11209	AAACGGGTTCACTAC	TACTGCAGCTA	CTCACCGTAACCGTCACAGCTGCTACGCTGCTT	FFFF,::FFFF:FFF	:FFFFFFFF:F	F:FFF:F:FFF,FF:F::,FFFF:FFFFFFFFF	11	25	11
A00405:732:HCVWNDSX7:2:1202:27471:23171	TTTGCGCTCTAATTC	TGGGACGTCCG	CTGACTGTGACTGTAACTGCTGCTACCCTTCTC	FFFFFFFFFFFFFFF	F:F,FFFFFFF	FFFFF:FFFFFFFFF:FFFFFFFF:FFFFFFFF	37	11	25
A00405:732:HCVWNDSX7:2:1202:5240:29951	ACATGGTGTACGAAA	TAGTCGGTGCG	CTAACCGTCACTGTTACTGCTGCGACCCTACTA	FFF:,FFF,FFFFFF	FFFFFFFFFFF	FFFFFFFFFFFFFFFFFFFFFFFFFF::FFFFF	11	37	25
